Upload Image,Enter Keyword,Extracted Text,Search Result,flag,username,timestamp
flagged\Upload Image\0c434dd402aef439f6cb\kindness-quotes-15-scaled.jpg,kind,,,,,2024-09-28 23:14:46.565069
flagged\Upload Image\b34426dafd60c1b9174a\hindi-2.png,थोड़ी,"'Uh बेहतर मानव जाति, पृथ्वी एक बेहतर स्थान।
A better human race, the earth a better place.

यदि आप जानना चाहते हैं, तो आप उस बदलाव को अभी लाना होगा |
If you wanna know, then you've got to make that change right now.

अब यह बदलाव लाना होगा |
MAKE THAT CHANGE RIGHT NOW!

मुझे आश्चर्य है, सितारों से भरी रातों के बारे मे ,

| wonder, of starlit nights,

अगर जोड़े कभी उपद्रव या लड़ाई ना करे ,

If Couples would never fuss or fight,

क्या वास्तव में परिवार शांति से हो सकते हैं,

Could families truly be at peace,

और घर में सभी थोड़ी नींद सो पाए |

And everyone in the house get some sleep.

ओह मुझे आश्चर्य है कि समय कैसे बीत जाएगा,
Oh | wonder how time would fly by,
",Keyword found!,,,2024-09-29 00:14:34.103077
